"Credibility.Code","Sample.Size","Precision","Abundance","Significance","AOU","Region","Species.Name","Region.Name","N.Routes","Trend","X2.5.CI","X97.5.CI","Relative.Abundance","total_rtes","early_rtes","late_rtes","occ_change"
"  ","  ","  ","  ",1,1770,"SU1","Black-bellied Whistling-Duck            ","Survey-wide                             ",167,7.243,4.637,9.532,2.963,167,12,125,0.676646706586826
"  ","  ","  ","  ",1,1720,"SU1","Canada Goose                            ","Survey-wide                             ",3073,9.399,8.266,10.614,9.236,3120,194,2043,0.592628205128205
" Y","  ","  "," Y",1,1782,"SU1","Mute Swan                               ","Survey-wide                             ",94,3.496,0.336,6.134,0.252,109,6,39,0.302752293577982
" Y","  ","  "," Y",1,1440,"SU1","Wood Duck                               ","Survey-wide                             ",2346,1.758,1.385,2.077,0.317,2323,542,955,0.177787343951786
"  ","  ","  ","  ",NA,1400,"SU1","Blue-winged Teal                        ","Survey-wide                             ",1325,0.117,-1.05,1.025,1.94,1347,419,502,0.0616184112843356
" Y","  ","  "," Y",2,1410,"SU1","Cinnamon Teal                           ","Survey-wide                             ",513,-2.192,-4.184,-1.289,0.558,508,98,154,0.110236220472441
"  ","  ","  ","  ",1,1420,"SU1","Northern Shoveler                       ","Survey-wide                             ",719,1.626,0.277,2.714,1.403,782,146,354,0.265984654731458
"  ","  ","  ","  ",1,1350,"SU1","Gadwall                                 ","Survey-wide                             ",791,2.38,1.491,3.15,2.424,815,150,404,0.311656441717791
"  ","  ","  ","  ",2,1370,"SU1","American Wigeon                         ","Survey-wide                             ",629,-1.431,-2.374,-0.573,1.227,728,134,306,0.236263736263736
" Y","  ","  "," Y",2,1330,"SU1","American Black Duck                     ","Survey-wide                             ",582,-1.392,-2.917,-0.239,0.276,606,262,111,-0.249174917491749
"  ","  ","  ","  ",2,1340,"SU1","Mottled Duck                            ","Survey-wide                             ",117,-2.614,-4.056,-1.286,3.576,127,36,58,0.173228346456693
"  ","  ","  ","  ",2,1430,"SU1","Northern Pintail                        ","Survey-wide                             ",788,-2.417,-4.316,-0.963,1.857,876,238,310,0.0821917808219178
" Y","  ","  "," Y",NA,1390,"SU1","Green-winged Teal                       ","Survey-wide                             ",877,0.179,-1.414,2.136,0.356,980,152,333,0.18469387755102
" Y","  ","  "," Y",NA,1470,"SU1","Canvasback                              ","Survey-wide                             ",325,0.503,-1.932,2.651,0.756,337,57,140,0.246290801186944
"  ","  ","  ","  ",NA,1460,"SU1","Redhead                                 ","Survey-wide                             ",471,0.913,-0.792,2.34,2.064,483,98,202,0.215320910973085
" Y","  ","  "," Y",1,1500,"SU1","Ring-necked Duck                        ","Survey-wide                             ",545,3.265,0.994,4.754,0.293,588,61,222,0.273809523809524
"  ","  ","  ","  ",NA,1490,"SU1","Lesser Scaup                            ","Survey-wide                             ",542,-1.157,-3.18,0.207,3.525,604,105,247,0.235099337748344
" Y","  ","  "," Y",1,1530,"SU1","Bufflehead                              ","Survey-wide                             ",275,3.38,2.04,4.787,0.329,335,27,142,0.343283582089552
" Y","  ","  "," Y",NA,1510,"SU1","Common Goldeneye                        ","Survey-wide                             ",387,0.759,-0.399,1.783,0.261,443,57,153,0.216704288939052
" Y","  ","  "," Y",NA,1520,"SU1","Barrow's Goldeneye                      ","Survey-wide                             ",99,-1.457,-3.715,0.02,0.257,147,15,45,0.204081632653061
" R","  ","  "," R",1,1310,"SU1","Hooded Merganser                        ","Survey-wide                             ",486,4.728,2.967,6.102,0.026,512,41,186,0.283203125
" Y","  ","  "," Y",NA,1290,"SU1","Common Merganser                        ","Survey-wide                             ",987,-0.553,-1.945,0.39,0.263,1034,122,376,0.245647969052224
" R","  "," Y"," R",NA,1300,"SU1","Red-breasted Merganser                  ","Survey-wide                             ",86,-3.445,-9.394,0.47,0.067,153,15,44,0.189542483660131
"  ","  ","  ","  ",NA,1670,"SU1","Ruddy Duck                              ","Survey-wide                             ",497,0.919,-0.875,2.286,1.579,509,96,232,0.267190569744597
"  ","  ","  ","  ",NA,2920,"SU1","Mountain Quail                          ","Survey-wide                             ",185,-0.338,-1.566,0.745,3.76,189,77,98,0.111111111111111
"  ","  ","  ","  ",2,2890,"SU1","Northern Bobwhite                       ","Survey-wide                             ",2029,-3.371,-3.638,-3.131,21.158,2032,1019,1069,0.0246062992125984
"  ","  ","  ","  ",NA,2930,"SU1","Scaled Quail                            ","Survey-wide                             ",208,-0.387,-1.365,0.558,8.681,212,72,130,0.273584905660377
"  ","  ","  ","  ",1,2940,"SU1","California Quail                        ","Survey-wide                             ",454,0.725,0.151,1.272,5.381,449,190,251,0.135857461024499
"  ","  ","  ","  ",NA,2950,"SU1","Gambel's Quail                          ","Survey-wide                             ",157,-0.038,-1.42,1.153,13.803,155,46,83,0.238709677419355
" Y","  ","  "," Y",NA,2882,"SU1","Chukar                                  ","Survey-wide                             ",182,1.542,-0.063,3.214,0.955,184,36,78,0.228260869565217
" Y","  ","  "," Y",2,2881,"SU1","Gray Partridge                          ","Survey-wide                             ",482,-0.959,-2.213,-0.032,0.384,482,116,165,0.101659751037344
"  ","  ","  ","  ",2,3091,"SU1","Ring-necked Pheasant                    ","Survey-wide                             ",1924,-0.622,-1.043,-0.21,16.333,1918,826,855,0.0151199165797706
" Y","  ","  "," Y",NA,3000,"SU1","Ruffed Grouse                           ","Survey-wide                             ",1326,0.202,-0.782,1.043,0.379,1355,352,478,0.0929889298892989
"  ","  ","  ","  ",2,3090,"SU1","Greater Sage-Grouse                     ","Survey-wide                             ",168,-2.289,-4.466,-0.039,1.492,168,34,63,0.172619047619048
" Y","  ","  "," Y",NA,2971,"SU1","Sooty Grouse                            ","Survey-wide                             ",140,-0.84,-1.935,0.494,0.706,153,33,67,0.222222222222222
" Y","  ","  "," Y",NA,3080,"SU1","Sharp-tailed Grouse                     ","Survey-wide                             ",357,0.722,-0.525,1.69,0.434,356,73,189,0.325842696629214
" R","  "," R","  ",NA,3050,"SU1","Greater Prairie-Chicken                 ","Survey-wide                             ",94,2.811,-4.845,5.921,1.561,105,25,45,0.19047619047619
" Y","  ","  "," Y",1,3100,"SU1","Wild Turkey                             ","Survey-wide                             ",2370,7.665,6.866,8.317,0.188,2312,129,1559,0.618512110726644
" Y","  ","  "," Y",NA,60,"SU1","Pied-billed Grebe                       ","Survey-wide                             ",1176,0.53,-0.471,1.346,0.193,1186,262,423,0.13575042158516
" Y","  ","  "," Y",2,30,"SU1","Horned Grebe                            ","Survey-wide                             ",193,-1.749,-3.432,-0.374,0.273,230,48,74,0.11304347826087
" Y","  ","  "," Y",NA,20,"SU1","Red-necked Grebe                        ","Survey-wide                             ",211,1.042,-0.089,2.169,0.38,269,25,104,0.29368029739777
" Y","  "," Y","  ",NA,40,"SU1","Eared Grebe                             ","Survey-wide                             ",345,1.102,-3.466,3.326,2.861,349,51,133,0.234957020057307
"  ","  ","  ","  ",2,3131,"SU1","Rock Pigeon                             ","Survey-wide                             ",3537,-1.17,-1.629,-0.897,9.048,3485,1448,1940,0.141176470588235
"  ","  ","  ","  ",2,3120,"SU1","Band-tailed Pigeon                      ","Survey-wide                             ",351,-1.62,-2.801,-0.618,3.629,345,121,173,0.150724637681159
" R","  "," Y"," R",1,22860,"SU1","Eurasian Collared-Dove                  ","Survey-wide                             ",1661,29.557,25.073,32.436,0.007,1565,0,1381,0.882428115015974
" Y","  ","  "," Y",1,3210,"SU1","Inca Dove                               ","Survey-wide                             ",233,1.545,0.515,2.593,0.828,231,38,142,0.45021645021645
"  ","  ","  ","  ",2,3200,"SU1","Common Ground-Dove                      ","Survey-wide                             ",350,-0.756,-1.342,-0.125,1.744,350,108,202,0.268571428571429
"  ","  ","  ","  ",1,3190,"SU1","White-winged Dove                       ","Survey-wide                             ",356,1.179,0.037,2.173,15.539,351,45,247,0.575498575498576
"  ","  ","  ","  ",2,3160,"SU1","Mourning Dove                           ","Survey-wide                             ",4465,-0.404,-0.52,-0.293,28.059,4436,1948,3323,0.309963931469793
"  ","  ","  ","  ",2,3870,"SU1","Yellow-billed Cuckoo                    ","Survey-wide                             ",2413,-1.354,-1.564,-1.147,4.366,2402,1163,1454,0.121149042464613
" Y","  ","  "," Y",2,3880,"SU1","Black-billed Cuckoo                     ","Survey-wide                             ",1768,-2.586,-3.979,-1.833,0.516,1764,787,634,-0.086734693877551
" Y","  ","  "," Y",1,3850,"SU1","Greater Roadrunner                      ","Survey-wide                             ",511,1.315,0.633,1.953,0.575,503,179,272,0.184890656063618
"  ","  ","  ","  ",NA,4210,"SU1","Lesser Nighthawk                        ","Survey-wide                             ",210,0.2,-1.096,1.653,2.618,215,74,96,0.102325581395349
"  ","  ","  ","  ",2,4200,"SU1","Common Nighthawk                        ","Survey-wide                             ",2666,-1.872,-2.177,-1.571,2.365,2660,883,1125,0.0909774436090225
" Y","  ","  "," Y",NA,4180,"SU1","Common Poorwill                         ","Survey-wide                             ",377,0.312,-0.662,1.192,0.119,377,61,132,0.188328912466843
"  ","  ","  ","  ",2,4160,"SU1","Chuck-will's-widow                      ","Survey-wide                             ",784,-2.27,-2.557,-2.011,1.397,791,349,371,0.0278128950695322
" Y","  ","  "," Y",2,4171,"SU1","Eastern Whip-poor-will                  ","Survey-wide                             ",864,-2.76,-3.37,-2.258,0.229,865,381,192,-0.21849710982659
"  ","  ","  ","  ",2,4220,"SU1","Black Swift                             ","Survey-wide                             ",128,-5.534,-8.481,-2.524,5.192,131,36,24,-0.0916030534351145
"  ","  ","  ","  ",2,4230,"SU1","Chimney Swift                           ","Survey-wide                             ",2608,-2.609,-2.753,-2.474,6.84,2597,1374,1608,0.0901039661147478
" Y","  ","  "," Y",2,4240,"SU1","Vaux's Swift                            ","Survey-wide                             ",291,-1.108,-2.189,-0.073,0.634,291,63,104,0.140893470790378
"  ","  ","  ","  ",NA,4250,"SU1","White-throated Swift                    ","Survey-wide                             ",412,-0.646,-2.021,0.527,2.736,410,85,142,0.139024390243902
" Y","  ","  "," Y",1,4280,"SU1","Ruby-throated Hummingbird               ","Survey-wide                             ",2448,1.243,1.014,1.456,0.325,2410,857,1363,0.209958506224066
" Y","  ","  "," Y",1,4290,"SU1","Black-chinned Hummingbird               ","Survey-wide                             ",472,0.906,0.3,1.483,0.201,459,95,209,0.248366013071895
" Y","  ","  "," Y",1,4310,"SU1","Anna's Hummingbird                      ","Survey-wide                             ",260,2.364,1.789,2.971,0.528,247,77,150,0.295546558704453
" Y","  ","  "," Y",NA,4300,"SU1","Costa's Hummingbird                     ","Survey-wide                             ",102,0.942,-1.239,3.127,0.666,103,33,34,0.00970873786407767
"  ","  ","  ","  ",2,4320,"SU1","Broad-tailed Hummingbird                ","Survey-wide                             ",313,-1.754,-2.315,-1.259,3.24,305,33,173,0.459016393442623
"  ","  ","  ","  ",2,4330,"SU1","Rufous Hummingbird                      ","Survey-wide                             ",388,-2.029,-2.584,-1.509,1.449,403,114,196,0.203473945409429
" Y","  ","  "," Y",NA,4360,"SU1","Calliope Hummingbird                    ","Survey-wide                             ",223,-0.575,-1.576,0.319,0.209,224,43,85,0.1875
" R","  ","  "," R",NA,2120,"SU1","Virginia Rail                           ","Survey-wide                             ",415,1.003,-0.401,1.927,0.016,429,72,116,0.102564102564103
" Y","  ","  "," Y",NA,2140,"SU1","Sora                                    ","Survey-wide                             ",1097,0.522,-0.726,1.59,0.852,1121,228,529,0.268510258697591
" Y","  ","  "," Y",NA,2190,"SU1","Common Gallinule                        ","Survey-wide                             ",239,-0.969,-2.259,0.25,0.377,281,75,71,-0.0142348754448398
"  ","  ","  ","  ",NA,2210,"SU1","American Coot                           ","Survey-wide                             ",1100,-0.567,-2.382,0.759,3.681,1112,290,439,0.133992805755396
" Y","  ","  "," Y",1,2060,"SU1","Sandhill Crane                          ","Survey-wide                             ",825,4.895,4.167,5.567,0.915,892,74,611,0.602017937219731
"  ","  ","  ","  ",1,2260,"SU1","Black-necked Stilt                      ","Survey-wide                             ",301,2.15,0.503,3.588,2.001,332,53,153,0.301204819277108
"  ","  ","  ","  ",NA,2250,"SU1","American Avocet                         ","Survey-wide                             ",507,0.392,-1.19,1.499,1.379,512,93,226,0.259765625
"  ","  ","  ","  ",2,2730,"SU1","Killdeer                                ","Survey-wide                             ",4313,-1.055,-1.236,-0.896,5.324,4289,1905,2704,0.186290510608533
"  ","  ","  ","  ",NA,2610,"SU1","Upland Sandpiper                        ","Survey-wide                             ",1055,0.343,-0.151,0.745,2.938,1080,399,454,0.0509259259259259
"  ","  ","  ","  ",NA,2640,"SU1","Long-billed Curlew                      ","Survey-wide                             ",507,-0.037,-0.754,0.495,2.463,497,97,256,0.319919517102616
"  ","  ","  ","  ",2,2490,"SU1","Marbled Godwit                          ","Survey-wide                             ",379,-0.881,-1.44,-0.38,2.266,374,87,220,0.355614973262032
" R","  ","  "," R",2,2280,"SU1","American Woodcock                       ","Survey-wide                             ",628,-1.864,-3.622,-0.849,0.028,648,188,77,-0.171296296296296
"  ","  ","  ","  ",NA,2300,"SU1","Wilson's Snipe                          ","Survey-wide                             ",1896,0.383,-0.037,0.781,3.681,2065,532,1140,0.294430992736077
" Y","  ","  "," Y",2,2630,"SU1","Spotted Sandpiper                       ","Survey-wide                             ",1949,-1.545,-2.021,-1.224,0.41,2083,637,671,0.0163226116178589
" R","  ","  "," R",NA,2560,"SU1","Solitary Sandpiper                      ","Survey-wide                             ",135,0.522,-1.806,2.575,0.077,215,14,98,0.390697674418605
" Y","  ","  "," Y",2,2550,"SU1","Lesser Yellowlegs                       ","Survey-wide                             ",141,-2.842,-5.448,-0.297,0.462,270,23,105,0.303703703703704
"  ","  ","  ","  ",2,2580,"SU1","Willet                                  ","Survey-wide                             ",545,-0.643,-1.132,-0.172,1.814,556,134,310,0.316546762589928
" Y","  ","  "," Y",NA,2540,"SU1","Greater Yellowlegs                      ","Survey-wide                             ",133,1.783,-0.974,4.061,0.245,223,17,104,0.390134529147982
"  ","  ","  ","  ",NA,2240,"SU1","Wilson's Phalarope                      ","Survey-wide                             ",615,-0.329,-1.819,0.579,1.527,632,141,270,0.204113924050633
"  ","  ","  ","  ",1,580,"SU1","Laughing Gull                           ","Survey-wide                             ",213,1.864,0.103,3.509,518.866,215,54,104,0.232558139534884
"  ","  ","  ","  ",NA,590,"SU1","Franklin's Gull                         ","Survey-wide                             ",402,-1.548,-3.658,0.857,921.396,394,105,186,0.205583756345178
"  ","  ","  ","  ",1,540,"SU1","Ring-billed Gull                        ","Survey-wide                             ",1356,1.118,0.155,2.277,27.857,1358,246,589,0.252577319587629
"  ","  ","  ","  ",2,530,"SU1","California Gull                         ","Survey-wide                             ",431,-1.99,-4.329,-0.129,16.944,430,79,150,0.165116279069767
"  ","  ","  ","  ",2,510,"SU1","Herring Gull                            ","Survey-wide                             ",688,-3.795,-6.714,-2.355,10.405,813,266,286,0.02460024600246
"  ","  ","  ","  ",NA,440,"SU1","Glaucous-winged Gull                    ","Survey-wide                             ",57,-0.583,-2.583,1.462,27.436,114,29,50,0.184210526315789
" Y","  "," Y","  ",NA,470,"SU1","Great Black-backed Gull                 ","Survey-wide                             ",152,-2.605,-7.07,0.062,2.355,187,71,62,-0.0481283422459893
"  ","  ","  ","  ",2,740,"SU1","Least Tern                              ","Survey-wide                             ",140,-3.877,-5.877,-1.836,2.108,165,49,41,-0.0484848484848485
" Y","  ","  "," Y",NA,640,"SU1","Caspian Tern                            ","Survey-wide                             ",226,0.623,-1.76,2.205,0.137,248,36,80,0.17741935483871
"  ","  ","  ","  ",2,770,"SU1","Black Tern                              ","Survey-wide                             ",563,-2.343,-4.422,-0.575,5.301,586,217,203,-0.0238907849829352
" Y","  ","  "," Y",2,700,"SU1","Common Tern                             ","Survey-wide                             ",280,-2.2,-4.118,-0.151,0.586,322,102,87,-0.046583850931677
" Y","  ","  "," Y",NA,690,"SU1","Forster's Tern                          ","Survey-wide                             ",296,-1.446,-3.361,0.158,0.365,309,51,97,0.148867313915858
"  ","  ","  ","  ",NA,70,"SU1","Common Loon                             ","Survey-wide                             ",961,0.706,-0.212,1.288,1.227,1085,240,607,0.338248847926267
" Y","  ","  "," Y",NA,1880,"SU1","Wood Stork                              ","Survey-wide                             ",174,0.676,-3.434,2.468,0.631,174,40,86,0.264367816091954
" Y","  ","  "," Y",1,1200,"SU1","Double-crested Cormorant                ","Survey-wide                             ",1303,3.841,1.232,4.832,0.869,1305,114,529,0.318007662835249
" Y","  ","  "," Y",1,1180,"SU1","Anhinga                                 ","Survey-wide                             ",252,1.62,0.673,2.708,0.263,249,47,124,0.309236947791165
"  ","  ","  ","  ",1,1250,"SU1","American White Pelican                  ","Survey-wide                             ",446,5.997,3.791,7.628,6.052,446,30,231,0.45067264573991
" Y","  ","  "," Y",NA,1900,"SU1","American Bittern                        ","Survey-wide                             ",1212,-0.542,-1.521,0.214,0.436,1225,424,447,0.0187755102040816
" R","  ","  "," R",NA,1910,"SU1","Least Bittern                           ","Survey-wide                             ",140,0.556,-0.975,2.122,0.05,183,35,41,0.0327868852459016
"  ","  ","  ","  ",1,1960,"SU1","Great Egret                             ","Survey-wide                             ",1078,2.361,1.54,3.206,2.252,1108,218,589,0.334837545126354
"  ","  ","  ","  ",1,1970,"SU1","Snowy Egret                             ","Survey-wide                             ",507,1.925,0.206,3.343,1.306,534,109,188,0.147940074906367
"  ","  ","  ","  ",2,2000,"SU1","Little Blue Heron                       ","Survey-wide                             ",682,-1.531,-2.351,-0.862,2.081,698,253,282,0.0415472779369628
" Y","  ","  "," Y",NA,1990,"SU1","Tricolored Heron                        ","Survey-wide                             ",200,-0.695,-1.857,0.565,0.936,208,53,89,0.173076923076923
"  ","  ","  ","  ",2,2001,"SU1","Cattle Egret                            ","Survey-wide                             ",868,-1.515,-2.269,-0.646,56.037,888,221,417,0.220720720720721
" Y","  ","  "," Y",2,2010,"SU1","Green Heron                             ","Survey-wide                             ",2343,-1.881,-2.089,-1.661,0.548,2332,1062,1057,-0.00214408233276159
" Y","  ","  "," Y",NA,2020,"SU1","Black-crowned Night-Heron               ","Survey-wide                             ",811,-0.683,-1.905,0.217,0.159,842,197,198,0.00118764845605701
" Y","  ","  "," Y",NA,2030,"SU1","Yellow-crowned Night-Heron              ","Survey-wide                             ",410,-0.482,-1.566,0.634,0.24,427,127,96,-0.0725995316159251
"  ","  ","  ","  ",1,1840,"SU1","White Ibis                              ","Survey-wide                             ",336,4.352,1.657,6.364,33.937,332,71,181,0.331325301204819
"  ","  ","  ","  ",1,1860,"SU1","Glossy Ibis                             ","Survey-wide                             ",90,4.695,1.256,7.184,4.92,104,29,41,0.115384615384615
" Y","  "," Y","  ",NA,1870,"SU1","White-faced Ibis                        ","Survey-wide                             ",197,2.898,-0.276,7.291,219.172,205,19,107,0.429268292682927
"  ","  ","  ","  ",1,3260,"SU1","Black Vulture                           ","Survey-wide                             ",1072,4.732,4.161,5.23,1.783,1055,296,750,0.430331753554502
"  ","  ","  ","  ",1,3250,"SU1","Turkey Vulture                          ","Survey-wide                             ",3596,2.408,2.101,2.673,2.58,3499,947,2446,0.428408116604744
" Y","  ","  "," Y",1,3640,"SU1","Osprey                                  ","Survey-wide                             ",1163,2.883,2.229,3.403,0.12,1195,152,559,0.340585774058577
" Y","  ","  "," Y",NA,3280,"SU1","White-tailed Kite                       ","Survey-wide                             ",135,-1.373,-2.76,0.089,0.113,139,46,33,-0.0935251798561151
" Y","  ","  "," Y",1,3270,"SU1","Swallow-tailed Kite                     ","Survey-wide                             ",137,5.651,4.58,6.866,0.11,139,9,89,0.575539568345324
" Y","  ","  "," Y",NA,3490,"SU1","Golden Eagle                            ","Survey-wide                             ",751,0.083,-0.403,0.562,0.165,742,122,269,0.19811320754717
" Y","  ","  "," Y",2,3310,"SU1","Northern Harrier                        ","Survey-wide                             ",2025,-0.802,-1.17,-0.469,0.394,2065,546,821,0.13317191283293
" R","  ","  "," R",1,3320,"SU1","Sharp-shinned Hawk                      ","Survey-wide                             ",1458,1.136,0.427,1.676,0.02,1450,148,274,0.0868965517241379
" R","  ","  "," R",1,3330,"SU1","Cooper's Hawk                           ","Survey-wide                             ",2285,2.934,2.47,3.297,0.035,2201,241,843,0.273512039981826
" R","  ","  "," R",1,3340,"SU1","Northern Goshawk                        ","Survey-wide                             ",473,0.772,0.14,1.859,0.011,507,59,84,0.0493096646942801
" R","  ","  "," R",1,3520,"SU1","Bald Eagle                              ","Survey-wide                             ",1108,5.512,4.605,6.274,0.05,1162,53,686,0.544750430292599
" Y","  ","  "," Y",NA,3290,"SU1","Mississippi Kite                        ","Survey-wide                             ",509,0.933,-0.169,2.363,0.718,503,66,324,0.512922465208748
" Y","  ","  "," Y",1,3390,"SU1","Red-shouldered Hawk                     ","Survey-wide                             ",1736,2.942,2.662,3.21,0.427,1702,432,1025,0.348413631022327
" Y","  ","  "," Y",1,3430,"SU1","Broad-winged Hawk                       ","Survey-wide                             ",1614,0.863,0.493,1.264,0.119,1580,455,650,0.123417721518987
" Y","  ","  "," Y",1,3420,"SU1","Swainson's Hawk                         ","Survey-wide                             ",1224,1.01,0.698,1.292,0.833,1203,294,667,0.310058187863674
" Y","  ","  "," Y",1,3480,"SU1","Ferruginous Hawk                        ","Survey-wide                             ",529,0.931,0.296,1.554,0.216,516,66,189,0.238372093023256
" R","  ","  "," R",1,3650,"SU1","Barn Owl                                ","Survey-wide                             ",171,2.407,0.541,4.006,0.014,199,24,34,0.050251256281407
" R","  ","  "," R",NA,3732,"SU1","Western Screech-Owl                     ","Survey-wide                             ",106,-1.08,-2.6,0.11,0.009,118,10,19,0.076271186440678
" R","  ","  "," R",2,3730,"SU1","Eastern Screech-Owl                     ","Survey-wide                             ",655,-0.792,-1.92,-0.025,0.018,671,149,82,-0.0998509687034277
" Y","  ","  "," Y",NA,3750,"SU1","Great Horned Owl                        ","Survey-wide                             ",2767,-0.32,-0.702,0.011,0.187,2739,564,849,0.104052573932092
" R","  ","  "," R",NA,3790,"SU1","Northern Pygmy-Owl                      ","Survey-wide                             ",255,0.534,-0.52,1.642,0.026,252,26,65,0.154761904761905
" Y","  ","  "," Y",NA,3780,"SU1","Burrowing Owl                           ","Survey-wide                             ",620,-0.57,-1.354,0.17,0.561,606,171,207,0.0594059405940595
" Y","  ","  "," Y",1,3680,"SU1","Barred Owl                              ","Survey-wide                             ",1653,1.656,1.294,2.006,0.107,1616,330,650,0.198019801980198
" Y","  ","  "," Y",NA,3670,"SU1","Short-eared Owl                         ","Survey-wide                             ",475,-1.352,-4.053,0.336,0.101,523,123,124,0.00191204588910135
" Y","  ","  "," Y",2,3900,"SU1","Belted Kingfisher                       ","Survey-wide                             ",3200,-1.393,-1.65,-1.142,0.281,3271,1277,1307,0.00917150718434728
" Y","  ","  "," Y",2,4080,"SU1","Lewis's Woodpecker                      ","Survey-wide                             ",210,-2.047,-3.602,-0.788,0.132,209,45,56,0.0526315789473684
"  ","  ","  ","  ",2,4060,"SU1","Red-headed Woodpecker                   ","Survey-wide                             ",1909,-2.089,-2.394,-1.804,1.62,1901,825,1039,0.112572330352446
"  ","  ","  ","  ",NA,4070,"SU1","Acorn Woodpecker                        ","Survey-wide                             ",209,0.496,-0.582,1.145,12.762,210,113,115,0.0095238095238096
"  ","  ","  ","  ",2,4100,"SU1","Golden-fronted Woodpecker               ","Survey-wide                             ",108,-0.858,-1.508,-0.243,6.306,109,48,77,0.26605504587156
"  ","  ","  ","  ",1,4090,"SU1","Red-bellied Woodpecker                  ","Survey-wide                             ",2135,1.015,0.891,1.134,6.028,2128,813,1639,0.388157894736842
" Y","  ","  "," Y",NA,4040,"SU1","Williamson's Sapsucker                  ","Survey-wide                             ",197,0.234,-1.076,1.406,0.225,195,20,101,0.415384615384615
"  ","  ","  ","  ",1,4020,"SU1","Yellow-bellied Sapsucker                ","Survey-wide                             ",1194,1.178,0.504,1.711,1.86,1197,377,827,0.37593984962406
" Y","  ","  "," Y",NA,4021,"SU1","Red-naped Sapsucker                     ","Survey-wide                             ",401,0.65,-0.214,1.366,0.903,400,60,243,0.4575
"  ","  ","  ","  ",1,4030,"SU1","Red-breasted Sapsucker                  ","Survey-wide                             ",299,1.127,0.225,1.891,1.043,318,88,181,0.292452830188679
" R","  ","  "," R",1,4010,"SU1","American Three-toed Woodpecker          ","Survey-wide                             ",177,3.34,1.045,4.89,0.035,264,11,127,0.439393939393939
" R","  ","  "," R",1,4000,"SU1","Black-backed Woodpecker                 ","Survey-wide                             ",327,2.025,0.378,3.229,0.067,362,34,139,0.290055248618785
"  ","  ","  ","  ",NA,3940,"SU1","Downy Woodpecker                        ","Survey-wide                             ",3630,-0.053,-0.207,0.094,1.015,3632,1498,2312,0.224118942731277
"  ","  ","  ","  ",1,3970,"SU1","Nuttall's Woodpecker                    ","Survey-wide                             ",130,0.874,0.153,1.543,2.127,128,69,67,-0.015625
" Y","  ","  "," Y",NA,3960,"SU1","Ladder-backed Woodpecker                ","Survey-wide                             ",330,0.23,-0.182,0.683,0.942,331,110,214,0.314199395770393
" Y","  ","  "," Y",1,3930,"SU1","Hairy Woodpecker                        ","Survey-wide                             ",3509,0.809,0.548,1.065,0.505,3551,1180,1940,0.214024218529992
" Y","  ","  "," Y",NA,3990,"SU1","White-headed Woodpecker                 ","Survey-wide                             ",114,0.847,-0.025,1.744,0.356,120,42,60,0.15
" Y","  ","  "," Y",1,4050,"SU1","Pileated Woodpecker                     ","Survey-wide                             ",2844,1.52,1.262,1.76,0.757,2783,846,1894,0.376572044556234
" Y","  ","  "," Y",1,3620,"SU1","Crested Caracara                        ","Survey-wide                             ",133,6.044,4.53,7.36,0.631,133,19,102,0.62406015037594
" Y","  ","  "," Y",2,3600,"SU1","American Kestrel                        ","Survey-wide                             ",3682,-1.216,-1.439,-1.011,0.899,3682,1398,1744,0.0939706681151548
" R","  ","  "," R",1,3570,"SU1","Merlin                                  ","Survey-wide                             ",715,3.327,2.395,4.209,0.05,754,32,284,0.3342175066313
" R","  ","  "," R",1,3560,"SU1","Peregrine Falcon                        ","Survey-wide                             ",167,5.666,3.402,7.575,0.006,205,8,76,0.331707317073171
" R","  ","  "," R",1,3550,"SU1","Prairie Falcon                          ","Survey-wide                             ",632,1.27,0.536,1.949,0.079,596,62,189,0.213087248322148
"  ","  ","  ","  ",1,4540,"SU1","Ash-throated Flycatcher                 ","Survey-wide                             ",734,0.872,0.494,1.239,8.805,728,234,458,0.307692307692308
"  ","  ","  ","  ",NA,4520,"SU1","Great Crested Flycatcher                ","Survey-wide                             ",2716,-0.052,-0.178,0.067,2.799,2698,1342,1891,0.203484062268347
"  ","  ","  ","  ",1,4530,"SU1","Brown-crested Flycatcher                ","Survey-wide                             ",100,3.552,2.401,4.528,2.554,102,31,56,0.245098039215686
"  ","  ","  ","  ",NA,4480,"SU1","Cassin's Kingbird                       ","Survey-wide                             ",283,0.143,-0.737,0.871,4.823,286,60,150,0.314685314685315
"  ","  ","  ","  ",NA,4470,"SU1","Western Kingbird                        ","Survey-wide                             ",1699,-0.193,-0.501,0.077,8.252,1678,573,1065,0.293206197854589
"  ","  ","  ","  ",2,4440,"SU1","Eastern Kingbird                        ","Survey-wide                             ",3541,-1.253,-1.402,-1.111,4.165,3516,1635,2295,0.187713310580205
"  ","  ","  ","  ",2,4430,"SU1","Scissor-tailed Flycatcher               ","Survey-wide                             ",467,-0.749,-1.03,-0.434,13.871,466,195,355,0.343347639484978
"  ","  ","  ","  ",2,4590,"SU1","Olive-sided Flycatcher                  ","Survey-wide                             ",1376,-2.903,-3.463,-2.45,1.272,1496,421,648,0.151737967914438
"  ","  ","  ","  ",2,4620,"SU1","Western Wood-Pewee                      ","Survey-wide                             ",1332,-1.776,-2.669,-1.201,6.342,1410,354,840,0.34468085106383
"  ","  ","  ","  ",2,4610,"SU1","Eastern Wood-Pewee                      ","Survey-wide                             ",2584,-1.366,-1.498,-1.245,2.875,2561,1316,1732,0.16243654822335
" Y","  ","  "," Y",1,4630,"SU1","Yellow-bellied Flycatcher               ","Survey-wide                             ",555,2.417,1.123,3.502,0.965,620,114,303,0.304838709677419
"  ","  ","  ","  ",2,4650,"SU1","Acadian Flycatcher                      ","Survey-wide                             ",1348,-0.219,-0.438,-0.008,2.021,1338,518,809,0.217488789237668
"  ","  ","  ","  ",2,4670,"SU1","Least Flycatcher                        ","Survey-wide                             ",1965,-1.918,-2.243,-1.588,7.016,1989,758,1165,0.204625439919558
"  ","  ","  ","  ",NA,4680,"SU1","Hammond's Flycatcher                    ","Survey-wide                             ",519,0.467,-0.14,1.042,5.417,579,88,338,0.431778929188256
"  ","  ","  ","  ",1,4691,"SU1","Gray Flycatcher                         ","Survey-wide                             ",280,2.13,1.139,2.961,1.444,276,28,148,0.434782608695652
"  ","  ","  ","  ",NA,4690,"SU1","Dusky Flycatcher                        ","Survey-wide                             ",627,-0.541,-1.378,0.241,5.337,620,83,371,0.464516129032258
" Y","  ","  "," Y",1,4580,"SU1","Black Phoebe                            ","Survey-wide                             ",277,2.498,1.697,3.262,0.346,276,94,143,0.177536231884058
"  ","  ","  ","  ",1,4560,"SU1","Eastern Phoebe                          ","Survey-wide                             ",2667,0.638,0.181,0.933,1.853,2638,1207,1846,0.242228961334344
" Y","  ","  "," Y",1,4570,"SU1","Say's Phoebe                            ","Survey-wide                             ",1093,0.95,0.559,1.306,0.868,1111,189,619,0.387038703870387
" Y","  ","  "," Y",1,4710,"SU1","Vermilion Flycatcher                    ","Survey-wide                             ",125,1.178,0.016,2.384,0.408,128,40,65,0.1953125
"  ","  ","  ","  ",2,6220,"SU1","Loggerhead Shrike                       ","Survey-wide                             ",2117,-2.696,-2.968,-2.418,1.472,2107,905,885,-0.00949216896060751
"  ","  ","  ","  ",1,6310,"SU1","White-eyed Vireo                        ","Survey-wide                             ",1530,0.775,0.574,0.971,5.669,1523,615,954,0.222586999343401
"  ","  ","  ","  ",1,6330,"SU1","Bell's Vireo                            ","Survey-wide                             ",563,1.05,0.323,1.636,1.146,565,202,311,0.192920353982301
" Y","  ","  "," Y",1,6340,"SU1","Gray Vireo                              ","Survey-wide                             ",106,4.083,2.234,5.665,0.42,107,11,62,0.476635514018692
" Y","  ","  "," Y",1,6320,"SU1","Hutton's Vireo                          ","Survey-wide                             ",244,1.147,0.353,1.899,0.834,243,66,129,0.259259259259259
" Y","  ","  "," Y",1,6280,"SU1","Yellow-throated Vireo                   ","Survey-wide                             ",1910,1.114,0.883,1.323,0.755,1893,697,1083,0.203909138932911
"  ","  ","  ","  ",1,6291,"SU1","Cassin's Vireo                          ","Survey-wide                             ",483,0.728,0.095,1.299,2.575,481,155,277,0.253638253638254
"  ","  ","  ","  ",1,6290,"SU1","Blue-headed Vireo                       ","Survey-wide                             ",1240,2.828,2.084,3.374,1.298,1242,297,739,0.355877616747182
"  ","  ","  ","  ",2,6292,"SU1","Plumbeous Vireo                         ","Survey-wide                             ",291,-1.494,-3.731,-0.191,1.958,284,33,160,0.447183098591549
"  ","  ","  ","  ",1,6260,"SU1","Philadelphia Vireo                      ","Survey-wide                             ",524,2.536,0.433,4.155,1.395,514,62,226,0.319066147859922
"  ","  ","  ","  ",1,6270,"SU1","Warbling Vireo                          ","Survey-wide                             ",2927,0.757,0.465,1.001,4.937,2952,1076,1818,0.251355013550136
"  ","  ","  ","  ",1,6240,"SU1","Red-eyed Vireo                          ","Survey-wide                             ",3347,0.778,0.589,0.956,15.165,3325,1476,2266,0.237593984962406
"  ","  ","  ","  ",NA,4840,"SU1","Canada Jay                              ","Survey-wide                             ",811,-0.586,-1.516,0.135,1.713,978,180,489,0.315950920245399
"  ","  ","  ","  ",2,4920,"SU1","Pinyon Jay                              ","Survey-wide                             ",301,-3.337,-4.52,-2.269,14.037,299,59,140,0.270903010033445
"  ","  ","  ","  ",2,4780,"SU1","Steller's Jay                           ","Survey-wide                             ",670,-0.351,-0.667,-0.048,3.804,684,193,422,0.334795321637427
"  ","  ","  ","  ",2,4770,"SU1","Blue Jay                                ","Survey-wide                             ",3173,-0.594,-0.68,-0.512,7.46,3159,1525,2319,0.251345362456474
" Y","  ","  "," Y",NA,4910,"SU1","Clark's Nutcracker                      ","Survey-wide                             ",434,-0.052,-2.16,0.698,0.955,429,64,217,0.356643356643357
"  ","  ","  ","  ",2,4750,"SU1","Black-billed Magpie                     ","Survey-wide                             ",1158,-0.543,-0.865,-0.21,11.685,1203,312,732,0.349127182044888
"  ","  ","  ","  ",NA,4880,"SU1","American Crow                           ","Survey-wide                             ",4269,-0.003,-0.111,0.103,23.23,4250,1894,3037,0.268941176470588
"  ","  ","  ","  ",1,4900,"SU1","Fish Crow                               ","Survey-wide                             ",893,0.466,0.035,0.905,3.647,882,237,586,0.395691609977324
"  ","  ","  ","  ",NA,4870,"SU1","Chihuahuan Raven                        ","Survey-wide                             ",177,-0.329,-1.295,0.611,6.387,182,54,111,0.313186813186813
"  ","  ","  ","  ",1,4860,"SU1","Common Raven                            ","Survey-wide                             ",2681,2.214,1.648,2.617,6.543,2836,559,2058,0.528561354019746
"  ","  ","  ","  ",2,4740,"SU1","Horned Lark                             ","Survey-wide                             ",2702,-2.586,-2.933,-2.306,61.039,2695,1196,1533,0.125046382189239
"  ","  ","  ","  ",2,6110,"SU1","Purple Martin                           ","Survey-wide                             ",2429,-0.819,-1.171,-0.522,7.207,2418,1132,1230,0.0405293631100083
"  ","  ","  ","  ",2,6140,"SU1","Tree Swallow                            ","Survey-wide                             ",3277,-1.306,-1.681,-1.011,5.177,3372,1024,2223,0.355575326215896
"  ","  ","  ","  ",2,6150,"SU1","Violet-green Swallow                    ","Survey-wide                             ",997,-0.882,-1.472,-0.39,10.35,1078,269,580,0.288497217068646
"  ","  ","  ","  ",2,6170,"SU1","Northern Rough-winged Swallow           ","Survey-wide                             ",3333,-0.532,-0.869,-0.234,1.706,3270,1250,1563,0.0957186544342508
"  ","  ","  ","  ",2,6160,"SU1","Bank Swallow                            ","Survey-wide                             ",1930,-5.058,-6.156,-4.225,8.369,2020,799,614,-0.0915841584158416
"  ","  ","  ","  ",NA,6120,"SU1","Cliff Swallow                           ","Survey-wide                             ",3194,0.709,-0.097,1.193,70.222,3204,978,1822,0.263420724094881
" Y","  "," Y","  ",1,6121,"SU1","Cave Swallow                            ","Survey-wide                             ",131,19.794,15.822,24.023,60.913,128,0,92,0.71875
"  ","  ","  ","  ",2,6130,"SU1","Barn Swallow                            ","Survey-wide                             ",4440,-1.174,-1.312,-1.045,14.283,4409,1902,3068,0.264459061011567
"  ","  ","  ","  ",2,7360,"SU1","Carolina Chickadee                      ","Survey-wide                             ",1358,-0.524,-0.713,-0.345,6.856,1350,631,980,0.258518518518519
"  ","  ","  ","  ",1,7350,"SU1","Black-capped Chickadee                  ","Survey-wide                             ",2484,0.478,0.212,0.719,4.195,2571,964,1689,0.281991443018281
"  ","  ","  ","  ",2,7380,"SU1","Mountain Chickadee                      ","Survey-wide                             ",602,-1.622,-2.158,-1.212,7.195,598,149,380,0.38628762541806
"  ","  ","  ","  ",2,7410,"SU1","Chestnut-backed Chickadee               ","Survey-wide                             ",268,-1.376,-2.065,-0.704,6.801,290,84,176,0.317241379310345
" Y","  ","  "," Y",NA,7400,"SU1","Boreal Chickadee                        ","Survey-wide                             ",449,-0.756,-1.79,0.047,0.308,593,109,268,0.268128161888702
"  ","  ","  ","  ",2,7330,"SU1","Oak Titmouse                            ","Survey-wide                             ",156,-1.406,-2,-0.802,9.762,156,84,84,0
" Y","  ","  "," Y",NA,7331,"SU1","Juniper Titmouse                        ","Survey-wide                             ",185,0.709,-0.233,1.656,0.736,187,24,98,0.39572192513369
"  ","  ","  ","  ",1,7310,"SU1","Tufted Titmouse                         ","Survey-wide                             ",2001,0.987,0.802,1.152,9.444,1989,924,1454,0.266465560583208
"  ","  ","  ","  ",NA,7320,"SU1","Black-crested Titmouse                  ","Survey-wide                             ",103,-0.755,-1.964,0.409,8.054,106,44,61,0.160377358490566
"  ","  ","  ","  ",2,7460,"SU1","Verdin                                  ","Survey-wide                             ",203,-1.254,-2.215,-0.34,7.863,204,64,122,0.284313725490196
"  ","  ","  ","  ",NA,7430,"SU1","Bushtit                                 ","Survey-wide                             ",512,-0.845,-2.393,0.227,2.528,496,139,232,0.1875
"  ","  ","  ","  ",1,7280,"SU1","Red-breasted Nuthatch                   ","Survey-wide                             ",1857,1.165,0.602,1.663,3.319,1923,483,1182,0.363494539781591
" Y","  ","  "," Y",1,7270,"SU1","White-breasted Nuthatch                 ","Survey-wide                             ",2752,1.719,1.474,1.94,0.86,2727,1017,1739,0.264759809314265
"  ","  ","  ","  ",NA,7300,"SU1","Pygmy Nuthatch                          ","Survey-wide                             ",247,-0.258,-1.967,1.041,3.526,254,52,120,0.267716535433071
"  ","  ","  ","  ",2,7290,"SU1","Brown-headed Nuthatch                   ","Survey-wide                             ",530,-0.444,-0.905,-0.068,1.893,519,188,325,0.263969171483622
" Y","  ","  "," Y",1,7260,"SU1","Brown Creeper                           ","Survey-wide                             ",1225,0.58,0.114,1.034,0.3,1234,259,581,0.260940032414911
"  ","  ","  ","  ",2,7150,"SU1","Rock Wren                               ","Survey-wide                             ",995,-1.529,-2.074,-1.056,2.093,979,215,494,0.284984678243105
" Y","  ","  "," Y",NA,7170,"SU1","Canyon Wren                             ","Survey-wide                             ",368,-0.084,-0.959,0.705,0.206,362,76,147,0.196132596685083
"  ","  ","  ","  ",1,7210,"SU1","House Wren                              ","Survey-wide                             ",3138,0.322,0.171,0.467,5.668,3109,1265,2053,0.253457703441621
"  ","  ","  ","  ",2,7221,"SU1","Pacific Wren                            ","Survey-wide                             ",349,-1.194,-1.904,-0.49,8.069,374,93,223,0.347593582887701
"  ","  ","  ","  ",NA,7222,"SU1","Winter Wren                             ","Survey-wide                             ",950,0.707,-0.13,1.485,6.492,953,292,579,0.301154249737671
" Y","  ","  "," Y",1,7240,"SU1","Sedge Wren                              ","Survey-wide                             ",693,1.358,0.467,2.078,0.988,699,216,311,0.135908440629471
" Y","  ","  "," Y",1,7250,"SU1","Marsh Wren                              ","Survey-wide                             ",799,1.953,1.134,2.671,0.764,806,189,345,0.193548387096774
"  ","  ","  ","  ",1,7180,"SU1","Carolina Wren                           ","Survey-wide                             ",1835,1.2,1.016,1.372,11.747,1819,772,1331,0.307311709730621
"  ","  ","  ","  ",2,7190,"SU1","Bewick's Wren                           ","Survey-wide                             ",978,-0.803,-1.326,-0.278,3.817,980,422,427,0.00510204081632654
"  ","  ","  ","  ",2,7130,"SU1","Cactus Wren                             ","Survey-wide                             ",261,-1.67,-2.509,-0.887,8.904,254,94,148,0.21259842519685
"  ","  ","  ","  ",NA,7510,"SU1","Blue-gray Gnatcatcher                   ","Survey-wide                             ",2260,0.223,-0.006,0.446,2.851,2233,690,1416,0.32512315270936
"  ","  ","  ","  ",NA,7520,"SU1","Black-tailed Gnatcatcher                ","Survey-wide                             ",128,0.892,-0.881,2.509,3.624,128,31,69,0.296875
" R","  ","  "," R",NA,7010,"SU1","American Dipper                         ","Survey-wide                             ",235,-0.354,-1.167,0.39,0.069,251,40,83,0.171314741035857
"  ","  ","  ","  ",2,7480,"SU1","Golden-crowned Kinglet                  ","Survey-wide                             ",1205,-0.688,-1.388,-0.034,3.311,1254,238,681,0.353269537480064
"  ","  ","  ","  ",NA,7490,"SU1","Ruby-crowned Kinglet                    ","Survey-wide                             ",1317,0.488,-0.216,1.177,11.805,1489,349,794,0.298858294157152
"  ","  ","  ","  ",2,7420,"SU1","Wrentit                                 ","Survey-wide                             ",172,-0.694,-1.151,-0.224,8.599,171,92,95,0.0175438596491229
"  ","  ","  ","  ",1,7660,"SU1","Eastern Bluebird                        ","Survey-wide                             ",2637,1.501,1.302,1.694,3.538,2610,1096,1856,0.291187739463602
"  ","  ","  ","  ",1,7670,"SU1","Western Bluebird                        ","Survey-wide                             ",502,0.792,0.069,1.437,1.284,490,131,250,0.242857142857143
"  ","  ","  ","  ",2,7680,"SU1","Mountain Bluebird                       ","Survey-wide                             ",893,-0.493,-0.983,-0.062,2.639,891,187,476,0.324354657687991
" Y","  ","  "," Y",NA,7540,"SU1","Townsend's Solitaire                    ","Survey-wide                             ",544,0.277,-0.347,0.824,0.457,584,92,301,0.357876712328767
"  ","  ","  ","  ",2,7560,"SU1","Veery                                   ","Survey-wide                             ",1541,-1.028,-1.343,-0.669,6.043,1531,641,915,0.178967994774657
"  ","  ","  ","  ",2,7580,"SU1","Swainson's Thrush                       ","Survey-wide                             ",1418,-0.761,-1.118,-0.456,31.719,1581,432,891,0.290322580645161
"  ","  ","  ","  ",NA,7590,"SU1","Hermit Thrush                           ","Survey-wide                             ",1737,0.039,-0.529,0.501,9.153,1906,538,1175,0.334207764952781
"  ","  ","  ","  ",2,7550,"SU1","Wood Thrush                             ","Survey-wide                             ",2193,-1.794,-1.95,-1.65,4.567,2188,1110,1405,0.134826325411335
"  ","  ","  ","  ",NA,7610,"SU1","American Robin                          ","Survey-wide                             ",4351,0.04,-0.048,0.124,32.748,4526,1861,3323,0.323022536456032
"  ","  ","  ","  ",2,7630,"SU1","Varied Thrush                           ","Survey-wide                             ",310,-2.617,-3.261,-1.941,7.222,466,92,253,0.34549356223176
"  ","  ","  ","  ",NA,7040,"SU1","Gray Catbird                            ","Survey-wide                             ",3071,-0.035,-0.129,0.065,2.28,3029,1414,1983,0.187850775833608
"  ","  ","  ","  ",NA,7070,"SU1","Curve-billed Thrasher                   ","Survey-wide                             ",233,-0.537,-1.289,0.136,1.835,235,62,148,0.365957446808511
"  ","  ","  ","  ",2,7050,"SU1","Brown Thrasher                          ","Survey-wide                             ",2875,-1.039,-1.145,-0.929,2.762,2855,1454,1883,0.150262697022767
"  ","  ","  ","  ",2,7100,"SU1","California Thrasher                     ","Survey-wide                             ",107,-1.288,-2.148,-0.424,1.792,105,67,47,-0.19047619047619
"  ","  ","  ","  ",2,7020,"SU1","Sage Thrasher                           ","Survey-wide                             ",482,-1.226,-1.862,-0.565,23.306,485,95,262,0.344329896907216
"  ","  ","  ","  ",2,7030,"SU1","Northern Mockingbird                    ","Survey-wide                             ",2778,-0.544,-0.709,-0.396,17.618,2770,1169,1751,0.210108303249097
"  ","  ","  ","  ",2,4930,"SU1","European Starling                       ","Survey-wide                             ",4335,-1.479,-1.633,-1.344,42.541,4299,1990,2953,0.22400558269365
"  ","  ","  ","  ",NA,6190,"SU1","Cedar Waxwing                           ","Survey-wide                             ",2925,0.153,-0.24,0.487,5.54,2914,907,1975,0.366506520247083
"  ","  ","  ","  ",NA,6200,"SU1","Phainopepla                             ","Survey-wide                             ",201,0.817,-0.773,2.184,2.041,201,61,98,0.18407960199005
"  ","  ","  ","  ",2,6882,"SU1","House Sparrow                           ","Survey-wide                             ",3925,-3.659,-3.82,-3.511,41.473,3879,1904,2483,0.149265274555298
"  ","  ","  ","  ",2,7000,"SU1","Sprague's Pipit                         ","Survey-wide                             ",279,-3.172,-4.191,-2.163,3.66,272,62,118,0.205882352941176
"  ","  ","  ","  ",2,5140,"SU1","Evening Grosbeak                        ","Survey-wide                             ",1094,-4.811,-6.247,-3.686,3.376,1078,263,302,0.036178107606679
" R","  "," R"," Y",2,5150,"SU1","Pine Grosbeak                           ","Survey-wide                             ",280,-2.532,-15.985,-0.355,0.168,419,59,162,0.24582338902148
"  ","  ","  ","  ",NA,5190,"SU1","House Finch                             ","Survey-wide                             ",3194,0.08,-0.333,0.409,6.188,3135,399,1996,0.509409888357257
"  ","  ","  ","  ",2,5170,"SU1","Purple Finch                            ","Survey-wide                             ",1511,-1.136,-1.63,-0.664,1.627,1545,636,820,0.119093851132686
"  ","  ","  ","  ",2,5180,"SU1","Cassin's Finch                          ","Survey-wide                             ",487,-1.941,-2.771,-1.163,2.025,480,85,252,0.347916666666667
"  ","  ","  ","  ",NA,5210,"SU1","Red Crossbill                           ","Survey-wide                             ",856,-0.077,-1.642,1.085,5.876,929,151,405,0.273412271259419
" Y","  "," Y","  ",NA,5220,"SU1","White-winged Crossbill                  ","Survey-wide                             ",439,1.949,-2.206,4.836,3.17,589,55,242,0.31748726655348
"  ","  ","  ","  ",2,5330,"SU1","Pine Siskin                             ","Survey-wide                             ",1546,-3.321,-4.512,-2.318,17.155,1657,380,742,0.218467109233555
"  ","  ","  ","  ",1,5300,"SU1","Lesser Goldfinch                        ","Survey-wide                             ",606,0.782,0.136,1.401,2.53,596,171,346,0.293624161073825
"  ","  ","  ","  ",2,5290,"SU1","American Goldfinch                      ","Survey-wide                             ",3557,-0.195,-0.363,-0.04,6.053,3521,1512,2405,0.253621130360693
"  ","  ","  ","  ",2,5380,"SU1","Chestnut-collared Longspur              ","Survey-wide                             ",245,-4.308,-5.139,-3.527,49.715,245,83,113,0.122448979591837
"  ","  ","  ","  ",2,5390,"SU1","McCown's Longspur                       ","Survey-wide                             ",139,-4.388,-6.926,-2.26,26.542,135,27,44,0.125925925925926
"  ","  ","  ","  ",NA,5900,"SU1","Green-tailed Towhee                     ","Survey-wide                             ",465,-0.435,-0.931,0.06,5.495,462,81,267,0.402597402597403
"  ","  ","  ","  ",NA,5880,"SU1","Spotted Towhee                          ","Survey-wide                             ",1059,-0.265,-0.684,0.107,8.555,1046,284,629,0.329827915869981
"  ","  ","  ","  ",2,5870,"SU1","Eastern Towhee                          ","Survey-wide                             ",2125,-1.353,-1.476,-1.224,7.519,2112,1087,1384,0.140625
"  ","  ","  ","  ",NA,5800,"SU1","Rufous-crowned Sparrow                  ","Survey-wide                             ",201,-0.726,-1.719,0.323,1.327,200,53,101,0.24
"  ","  ","  ","  ",2,5910,"SU1","Canyon Towhee                           ","Survey-wide                             ",189,-1.753,-3.685,-0.883,2.334,183,43,104,0.333333333333333
"  ","  ","  ","  ",2,5911,"SU1","California Towhee                       ","Survey-wide                             ",158,-0.453,-0.899,-0.011,10.816,155,99,94,-0.032258064516129
"  ","  ","  ","  ",NA,5780,"SU1","Cassin's Sparrow                        ","Survey-wide                             ",356,-0.353,-1.429,0.607,42.594,355,109,235,0.354929577464789
" Y","  ","  "," Y",2,5750,"SU1","Bachman's Sparrow                       ","Survey-wide                             ",253,-3.043,-3.983,-2.243,0.623,272,116,65,-0.1875
"  ","  ","  ","  ",2,5600,"SU1","Chipping Sparrow                        ","Survey-wide                             ",3947,-0.888,-1.152,-0.656,12.119,3999,1622,2789,0.291822955738935
"  ","  ","  ","  ",2,5610,"SU1","Clay-colored Sparrow                    ","Survey-wide                             ",946,-1.278,-1.589,-0.976,16.324,940,237,593,0.378723404255319
"  ","  ","  ","  ",2,5620,"SU1","Brewer's Sparrow                        ","Survey-wide                             ",721,-1.332,-2.192,-0.601,21.494,723,146,408,0.36237897648686
"  ","  ","  ","  ",2,5630,"SU1","Field Sparrow                           ","Survey-wide                             ",2266,-2.301,-2.453,-2.151,5.57,2254,1205,1380,0.077639751552795
"  ","  ","  ","  ",2,5400,"SU1","Vesper Sparrow                          ","Survey-wide                             ",2391,-1.008,-1.276,-0.752,14.412,2352,934,1216,0.119897959183673
"  ","  ","  ","  ",2,5520,"SU1","Lark Sparrow                            ","Survey-wide                             ",1710,-0.763,-1.126,-0.432,6.406,1680,556,1015,0.273214285714286
"  ","  ","  ","  ",2,5730,"SU1","Black-throated Sparrow                  ","Survey-wide                             ",459,-1.22,-1.959,-0.568,27.283,452,138,261,0.27212389380531
"  ","  ","  ","  ",2,6050,"SU1","Lark Bunting                            ","Survey-wide                             ",577,-3.43,-5.095,-2.133,189.946,577,186,301,0.199306759098787
"  ","  ","  ","  ",2,5420,"SU1","Savannah Sparrow                        ","Survey-wide                             ",2441,-1.534,-1.828,-1.294,20.275,2580,888,1532,0.249612403100775
"  ","  ","  ","  ",2,5460,"SU1","Grasshopper Sparrow                     ","Survey-wide                             ",2258,-2.766,-3.282,-2.337,7.57,2253,964,1101,0.0608078118064803
"  ","  ","  ","  ",2,5450,"SU1","Baird's Sparrow                         ","Survey-wide                             ",235,-2.405,-3.723,-1.184,7.339,241,58,101,0.178423236514523
" R","  ","  "," R",2,5470,"SU1","Henslow's Sparrow                       ","Survey-wide                             ",380,-1.309,-2.466,-0.368,0.065,384,160,93,-0.174479166666667
"  ","  ","  ","  ",2,5480,"SU1","LeConte's Sparrow                       ","Survey-wide                             ",403,-2.283,-3.515,-1.046,2.438,404,72,184,0.277227722772277
" Y","  ","  "," Y",1,5491,"SU1","Nelson's Sparrow                        ","Survey-wide                             ",220,1.877,0.207,3.227,0.121,224,31,103,0.321428571428571
"  ","  ","  ","  ",2,5850,"SU1","Fox Sparrow                             ","Survey-wide                             ",489,-1.605,-3.078,-0.444,2.387,686,80,365,0.415451895043732
"  ","  ","  ","  ",2,5810,"SU1","Song Sparrow                            ","Survey-wide                             ",3472,-0.691,-0.813,-0.573,14.542,3518,1462,2380,0.260943718021603
"  ","  ","  ","  ",NA,5830,"SU1","Lincoln's Sparrow                       ","Survey-wide                             ",975,-0.061,-0.942,0.747,7.697,1138,166,648,0.423550087873462
"  ","  ","  ","  ",1,5840,"SU1","Swamp Sparrow                           ","Survey-wide                             ",1329,1.022,0.121,1.608,1.789,1368,492,787,0.215643274853801
"  ","  ","  ","  ",2,5580,"SU1","White-throated Sparrow                  ","Survey-wide                             ",1169,-1.182,-1.655,-0.766,41.707,1213,434,771,0.277823577906018
"  ","  ","  ","  ",NA,5540,"SU1","White-crowned Sparrow                   ","Survey-wide                             ",578,-0.288,-1.762,0.275,4.621,725,147,387,0.331034482758621
"  ","  ","  ","  ",2,6830,"SU1","Yellow-breasted Chat                    ","Survey-wide                             ",2079,-0.642,-0.819,-0.461,4.136,2054,830,1126,0.144109055501461
"  ","  ","  ","  ",NA,4970,"SU1","Yellow-headed Blackbird                 ","Survey-wide                             ",1119,-0.323,-1.068,0.408,25.472,1105,293,547,0.229864253393665
"  ","  ","  ","  ",2,4940,"SU1","Bobolink                                ","Survey-wide                             ",1685,-2.295,-2.615,-2.02,5.846,1677,777,997,0.13118664281455
"  ","  ","  ","  ",2,5010,"SU1","Eastern Meadowlark                      ","Survey-wide                             ",2588,-3.127,-3.407,-2.92,19.317,2583,1350,1566,0.0836236933797909
"  ","  ","  ","  ",2,5011,"SU1","Western Meadowlark                      ","Survey-wide                             ",2151,-1.168,-1.335,-1.003,85.934,2136,862,1266,0.189138576779026
"  ","  ","  ","  ",2,5060,"SU1","Orchard Oriole                          ","Survey-wide                             ",2117,-0.877,-1.094,-0.682,2.618,2114,868,1333,0.21996215704825
" Y","  ","  "," Y",1,5050,"SU1","Hooded Oriole                           ","Survey-wide                             ",152,1.354,0.176,2.558,0.47,156,32,73,0.262820512820513
"  ","  ","  ","  ",2,5080,"SU1","Bullock's Oriole                        ","Survey-wide                             ",1132,-0.716,-1.046,-0.417,1.994,1108,353,627,0.247292418772563
"  ","  ","  ","  ",2,5070,"SU1","Baltimore Oriole                        ","Survey-wide                             ",2324,-1.314,-1.615,-1.076,2.815,2319,1186,1426,0.103492884864166
"  ","  ","  ","  ",2,5040,"SU1","Scott's Oriole                          ","Survey-wide                             ",240,-0.874,-1.779,-0.115,1.658,236,57,126,0.292372881355932
"  ","  ","  ","  ",2,4980,"SU1","Red-winged Blackbird                    ","Survey-wide                             ",4525,-0.911,-1.037,-0.788,66.789,4516,2036,3226,0.263507528786537
"  ","  ","  ","  ",NA,4960,"SU1","Bronzed Cowbird                         ","Survey-wide                             ",130,0.346,-1.177,1.488,2.794,130,26,61,0.269230769230769
"  ","  ","  ","  ",2,4950,"SU1","Brown-headed Cowbird                    ","Survey-wide                             ",4525,-0.73,-0.908,-0.589,13.518,4486,1997,3109,0.247882300490415
" Y","  ","  "," Y",2,5090,"SU1","Rusty Blackbird                         ","Survey-wide                             ",273,-3.972,-6.891,-1.675,0.147,385,104,98,-0.0155844155844156
"  ","  ","  ","  ",2,5100,"SU1","Brewer's Blackbird                      ","Survey-wide                             ",1733,-2.207,-2.515,-1.927,29.948,1712,591,1020,0.250584112149533
"  ","  ","  ","  ",2,5110,"SU1","Common Grackle                          ","Survey-wide                             ",3547,-1.872,-1.996,-1.744,31.997,3528,1623,2554,0.263888888888889
"  ","  ","  ","  ",2,5130,"SU1","Boat-tailed Grackle                     ","Survey-wide                             ",192,-0.927,-1.828,-0.072,24.964,196,56,99,0.219387755102041
"  ","  ","  ","  ",1,5120,"SU1","Great-tailed Grackle                    ","Survey-wide                             ",547,2.345,1.266,3.308,21.811,551,99,311,0.38475499092559
"  ","  ","  ","  ",NA,6740,"SU1","Ovenbird                                ","Survey-wide                             ",2112,0.042,-0.205,0.294,11.742,2116,865,1351,0.229678638941399
" Y","  ","  "," Y",NA,6390,"SU1","Worm-eating Warbler                     ","Survey-wide                             ",628,0.292,-0.211,0.865,0.308,632,175,281,0.167721518987342
" Y","  ","  "," Y",1,6760,"SU1","Louisiana Waterthrush                   ","Survey-wide                             ",982,0.764,0.368,1.105,0.23,986,308,475,0.169371196754564
"  ","  ","  ","  ",1,6750,"SU1","Northern Waterthrush                    ","Survey-wide                             ",1137,0.847,0.36,1.297,1.898,1306,332,696,0.278713629402757
" Y","  ","  "," Y",2,6420,"SU1","Golden-winged Warbler                   ","Survey-wide                             ",446,-2.574,-3.27,-1.823,0.314,454,192,98,-0.20704845814978
" Y","  ","  "," Y",2,6410,"SU1","Blue-winged Warbler                     ","Survey-wide                             ",728,-1.114,-1.701,-0.622,0.427,742,260,287,0.0363881401617251
"  ","  ","  ","  ",2,6360,"SU1","Black-and-white Warbler                 ","Survey-wide                             ",1900,-0.88,-1.558,-0.46,2.295,1901,687,1084,0.208837453971594
" Y","  ","  "," Y",2,6370,"SU1","Prothonotary Warbler                    ","Survey-wide                             ",747,-1.108,-1.531,-0.7,0.971,754,278,336,0.0769230769230769
" Y","  ","  "," Y",1,6380,"SU1","Swainson's Warbler                      ","Survey-wide                             ",303,2.212,1.292,3.031,0.118,300,49,138,0.296666666666667
"  ","  ","  ","  ",2,6470,"SU1","Tennessee Warbler                       ","Survey-wide                             ",744,-1.637,-3.194,-0.287,15.333,787,162,359,0.250317662007624
"  ","  ","  ","  ",2,6460,"SU1","Orange-crowned Warbler                  ","Survey-wide                             ",828,-1.201,-1.747,-0.687,4.252,987,185,561,0.380952380952381
"  ","  ","  ","  ",NA,6450,"SU1","Nashville Warbler                       ","Survey-wide                             ",1250,-0.108,-0.751,0.456,12.711,1228,400,702,0.245928338762215
"  ","  ","  ","  ",2,6440,"SU1","Virginia's Warbler                      ","Survey-wide                             ",134,-2.28,-5.443,-1.059,1.857,138,14,81,0.485507246376812
" Y","  ","  "," Y",2,6780,"SU1","Connecticut Warbler                     ","Survey-wide                             ",263,-2.051,-2.988,-1.066,0.765,261,43,87,0.168582375478927
"  ","  ","  ","  ",2,6800,"SU1","MacGillivray's Warbler                  ","Survey-wide                             ",680,-1.024,-1.439,-0.641,6.056,692,160,417,0.371387283236994
"  ","  ","  ","  ",2,6790,"SU1","Mourning Warbler                        ","Survey-wide                             ",981,-1.375,-2.142,-0.69,6.963,986,287,548,0.264705882352941
"  ","  ","  ","  ",2,6770,"SU1","Kentucky Warbler                        ","Survey-wide                             ",1058,-1.044,-1.364,-0.696,1.491,1062,424,496,0.0677966101694915
"  ","  ","  ","  ",2,6810,"SU1","Common Yellowthroat                     ","Survey-wide                             ",4013,-0.827,-1.006,-0.659,8.65,4042,1665,2779,0.275606135576447
"  ","  ","  ","  ",1,6840,"SU1","Hooded Warbler                          ","Survey-wide                             ",1017,1.356,0.938,1.737,1.856,1010,334,617,0.28019801980198
"  ","  ","  ","  ",NA,6870,"SU1","American Redstart                       ","Survey-wide                             ",2214,-0.182,-0.551,0.213,4.554,2221,853,1302,0.20216118865376
" Y","  ","  "," Y",NA,6500,"SU1","Cape May Warbler                        ","Survey-wide                             ",522,-1.12,-3.169,0.479,0.916,524,96,205,0.208015267175573
" Y","  ","  "," Y",2,6580,"SU1","Cerulean Warbler                        ","Survey-wide                             ",421,-2.716,-3.384,-2.057,0.269,444,168,117,-0.114864864864865
"  ","  ","  ","  ",1,6480,"SU1","Northern Parula                         ","Survey-wide                             ",1834,1.221,0.923,1.505,1.961,1804,538,1179,0.355321507760532
"  ","  ","  ","  ",NA,6570,"SU1","Magnolia Warbler                        ","Survey-wide                             ",1029,0.469,-0.139,1.006,10.997,1039,292,618,0.31376323387873
"  ","  ","  ","  ",NA,6600,"SU1","Bay-breasted Warbler                    ","Survey-wide                             ",473,-0.53,-2.309,1.034,1.57,458,108,183,0.163755458515284
"  ","  ","  ","  ",NA,6620,"SU1","Blackburnian Warbler                    ","Survey-wide                             ",869,0.255,-0.267,0.788,1.95,847,290,494,0.240850059031877
"  ","  ","  ","  ",2,6520,"SU1","Yellow Warbler                          ","Survey-wide                             ",3560,-0.728,-0.944,-0.537,6.751,3730,1443,2361,0.246112600536193
"  ","  ","  ","  ",2,6590,"SU1","Chestnut-sided Warbler                  ","Survey-wide                             ",1274,-1.207,-1.732,-0.74,8.539,1268,545,785,0.189274447949527
"  ","  ","  ","  ",2,6610,"SU1","Blackpoll Warbler                       ","Survey-wide                             ",262,-5.241,-8.663,-2.866,1.356,425,89,153,0.150588235294118
" Y","  ","  "," Y",1,6540,"SU1","Black-throated Blue Warbler             ","Survey-wide                             ",746,1.536,0.96,2.261,0.904,731,232,411,0.244870041039672
" Y","  ","  "," Y",NA,6720,"SU1","Palm Warbler                            ","Survey-wide                             ",285,-0.333,-2.602,1.956,0.541,307,31,150,0.387622149837134
"  ","  ","  ","  ",1,6710,"SU1","Pine Warbler                            ","Survey-wide                             ",1473,0.959,0.57,1.288,4.324,1455,416,987,0.392439862542955
" Y","  ","  "," Y",1,6630,"SU1","Yellow-throated Warbler                 ","Survey-wide                             ",887,0.877,0.474,1.259,0.679,876,244,420,0.200913242009132
"  ","  ","  ","  ",2,6730,"SU1","Prairie Warbler                         ","Survey-wide                             ",1160,-1.84,-2.123,-1.57,1.7,1155,514,606,0.0796536796536796
"  ","  ","  ","  ",2,6650,"SU1","Black-throated Gray Warbler             ","Survey-wide                             ",418,-1.23,-2.059,-0.543,3.795,413,95,233,0.334140435835351
"  ","  ","  ","  ",2,6680,"SU1","Townsend's Warbler                      ","Survey-wide                             ",297,-0.885,-1.44,-0.259,10.388,375,69,199,0.346666666666667
"  ","  ","  ","  ",NA,6690,"SU1","Hermit Warbler                          ","Survey-wide                             ",171,-0.223,-0.729,0.399,7.42,167,48,99,0.305389221556886
"  ","  ","  ","  ",NA,6670,"SU1","Black-throated Green Warbler            ","Survey-wide                             ",1092,0.257,-0.587,0.753,2.4,1121,380,676,0.264049955396967
" Y","  ","  "," Y",2,6860,"SU1","Canada Warbler                          ","Survey-wide                             ",820,-1.902,-2.598,-1.199,0.806,807,304,302,-0.00247831474597271
"  ","  ","  ","  ",2,6850,"SU1","Wilson's Warbler                        ","Survey-wide                             ",1067,-1.701,-2.269,-1.227,2.021,1247,280,599,0.255813953488372
"  ","  ","  ","  ",1,6100,"SU1","Summer Tanager                          ","Survey-wide                             ",1301,0.274,0.098,0.476,2.955,1303,555,859,0.233307751343055
"  ","  ","  ","  ",2,6080,"SU1","Scarlet Tanager                         ","Survey-wide                             ",1817,-0.312,-0.515,-0.129,1.274,1808,800,1057,0.142146017699115
"  ","  ","  ","  ",1,6070,"SU1","Western Tanager                         ","Survey-wide                             ",1019,1,0.686,1.278,6.727,1015,271,632,0.355665024630542
"  ","  ","  ","  ",1,5930,"SU1","Northern Cardinal                       ","Survey-wide                             ",2513,0.229,0.149,0.307,22.781,2509,1205,1905,0.27899561578318
"  ","  ","  ","  ",2,5940,"SU1","Pyrrhuloxia                             ","Survey-wide                             ",143,-1.451,-2.227,-0.681,8.197,139,45,92,0.338129496402878
"  ","  ","  ","  ",2,5950,"SU1","Rose-breasted Grosbeak                  ","Survey-wide                             ",1808,-0.869,-1.152,-0.628,2.149,1800,780,1124,0.191111111111111
"  ","  ","  ","  ",1,5960,"SU1","Black-headed Grosbeak                   ","Survey-wide                             ",1033,0.478,0.033,0.761,2.945,1012,281,616,0.33102766798419
"  ","  ","  ","  ",1,5970,"SU1","Blue Grosbeak                           ","Survey-wide                             ",1793,0.756,0.564,0.95,3.119,1775,645,1234,0.331830985915493
"  ","  ","  ","  ",NA,5990,"SU1","Lazuli Bunting                          ","Survey-wide                             ",804,0.299,-0.093,0.754,1.959,814,199,451,0.30958230958231
"  ","  ","  ","  ",2,5980,"SU1","Indigo Bunting                          ","Survey-wide                             ",2645,-0.815,-0.892,-0.732,10.033,2616,1287,1853,0.216360856269113
"  ","  ","  ","  ",NA,6010,"SU1","Painted Bunting                         ","Survey-wide                             ",511,-0.204,-0.661,0.25,8.471,513,198,332,0.261208576998051
"  ","  ","  ","  ",NA,6040,"SU1","Dickcissel                              ","Survey-wide                             ",1345,-0.111,-0.529,0.259,28.08,1344,612,907,0.219494047619048
